{
    "st1": {
        "id": "1",
        "name": "Aisén del General Carlos Ibáñez del Campo",
        "shortname": "",
        "link": "",
        "comment": "",
        "image": "",
        "color_map": "#7798bb",
        "color_map_over": "#366CA3"
    },
    "st2": {
        "id": "2",
        "name": "Antofagasta",
        "shortname": "",
        "link": "",
        "comment": "",
        "image": "",
        "color_map": "#7798bb",
        "color_map_over": "#366CA3"
    },
    "st3": {
        "id": "3",
        "name": "Arica y Parinacota",
        "shortname": "",
        "link": "",
        "comment": "",
        "image": "",
        "color_map": "#7798bb",
        "color_map_over": "#366CA3"
    },
    "st4": {
        "id": "4",
        "name": "Atacama",
        "shortname": "",
        "link": "",
        "comment": "",
        "image": "",
        "color_map": "#7798bb",
        "color_map_over": "#366CA3"
    },
    "st5": {
        "id": "5",
        "name": "Bío-Bío",
        "shortname": "",
        "link": "",
        "comment": "",
        "image": "",
        "color_map": "#7798bb",
        "color_map_over": "#366CA3"
    },
    "st6": {
        "id": "6",
        "name": "Coquimbo",
        "shortname": "",
        "link": "",
        "comment": "",
        "image": "",
        "color_map": "#7798bb",
        "color_map_over": "#366CA3"
    },
    "st7": {
        "id": "7",
        "name": "La Araucanía",
        "shortname": "",
        "link": "",
        "comment": "",
        "image": "",
        "color_map": "#7798bb",
        "color_map_over": "#366CA3"
    },
    "st8": {
        "id": "8",
        "name": "Libertador General Bernardo O'Higgins",
        "shortname": "",
        "link": "",
        "comment": "",
        "image": "",
        "color_map": "#7798bb",
        "color_map_over": "#366CA3"
    },
    "st9": {
        "id": "9",
        "name": "Los Lagos",
        "shortname": "",
        "link": "",
        "comment": "",
        "image": "",
        "color_map": "#7798bb",
        "color_map_over": "#366CA3"
    },
    "st10": {
        "id": "10",
        "name": "Los Ríos",
        "shortname": "",
        "link": "",
        "comment": "",
        "image": "",
        "color_map": "#7798bb",
        "color_map_over": "#366CA3"
    },
    "st11": {
        "id": "11",
        "name": "Magallanes y Antártica Chilena",
        "shortname": "",
        "link": "",
        "comment": "",
        "image": "",
        "color_map": "#7798bb",
        "color_map_over": "#366CA3"
    },
    "st12": {
        "id": "12",
        "name": "Maule",
        "shortname": "",
        "link": "",
        "comment": "",
        "image": "",
        "color_map": "#7798bb",
        "color_map_over": "#366CA3"
    },
    "st13": {
        "id": "13",
        "name": "Región Metropolitana de Santiago",
        "shortname": "",
        "link": "",
        "comment": "",
        "image": "",
        "color_map": "#7798bb",
        "color_map_over": "#366CA3"
    },
    "st14": {
        "id": "14",
        "name": "Tarapacá",
        "shortname": "",
        "link": "",
        "comment": "",
        "image": "",
        "color_map": "#7798bb",
        "color_map_over": "#366CA3"
    },
    "st15": {
        "id": "15",
        "name": "Valparaíso",
        "shortname": "",
        "link": "",
        "comment": "",
        "image": "",
        "color_map": "#7798bb",
        "color_map_over": "#366CA3"
    }
}