{
    "st1": {
        "id": "1",
        "name": "Acre",
        "shortname": "",
        "link": "",
        "comment": "",
        "image": "",
        "color_map": "#7798bb",
        "color_map_over": "#366CA3"
    },
    "st2": {
        "id": "2",
        "name": "Alagoas",
        "shortname": "",
        "link": "",
        "comment": "",
        "image": "",
        "color_map": "#7798bb",
        "color_map_over": "#366CA3"
    },
    "st3": {
        "id": "3",
        "name": "Amapá",
        "shortname": "",
        "link": "",
        "comment": "",
        "image": "",
        "color_map": "#7798bb",
        "color_map_over": "#366CA3"
    },
    "st4": {
        "id": "4",
        "name": "Amazonas",
        "shortname": "",
        "link": "",
        "comment": "",
        "image": "",
        "color_map": "#7798bb",
        "color_map_over": "#366CA3"
    },
    "st5": {
        "id": "5",
        "name": "Bahia",
        "shortname": "",
        "link": "",
        "comment": "",
        "image": "",
        "color_map": "#7798bb",
        "color_map_over": "#366CA3"
    },
    "st6": {
        "id": "6",
        "name": "Ceará",
        "shortname": "",
        "link": "",
        "comment": "",
        "image": "",
        "color_map": "#7798bb",
        "color_map_over": "#366CA3"
    },
    "st7": {
        "id": "7",
        "name": "Distrito Federal",
        "shortname": "",
        "link": "",
        "comment": "",
        "image": "",
        "color_map": "#7798bb",
        "color_map_over": "#366CA3"
    },
    "st8": {
        "id": "8",
        "name": "Espírito Santo",
        "shortname": "",
        "link": "",
        "comment": "",
        "image": "",
        "color_map": "#7798bb",
        "color_map_over": "#366CA3"
    },
    "st9": {
        "id": "9",
        "name": "Goiás",
        "shortname": "",
        "link": "",
        "comment": "",
        "image": "",
        "color_map": "#7798bb",
        "color_map_over": "#366CA3"
    },
    "st10": {
        "id": "10",
        "name": "Maranhão",
        "shortname": "",
        "link": "",
        "comment": "",
        "image": "",
        "color_map": "#7798bb",
        "color_map_over": "#366CA3"
    },
    "st11": {
        "id": "11",
        "name": "Mato Grosso",
        "shortname": "",
        "link": "",
        "comment": "",
        "image": "",
        "color_map": "#7798bb",
        "color_map_over": "#366CA3"
    },
    "st12": {
        "id": "12",
        "name": "Mato Grosso do Sul",
        "shortname": "",
        "link": "",
        "comment": "",
        "image": "",
        "color_map": "#7798bb",
        "color_map_over": "#366CA3"
    },
    "st13": {
        "id": "13",
        "name": "Minas Gerais",
        "shortname": "",
        "link": "",
        "comment": "",
        "image": "",
        "color_map": "#7798bb",
        "color_map_over": "#366CA3"
    },
    "st14": {
        "id": "14",
        "name": "Pará",
        "shortname": "",
        "link": "",
        "comment": "",
        "image": "",
        "color_map": "#7798bb",
        "color_map_over": "#366CA3"
    },
    "st15": {
        "id": "15",
        "name": "Paraíba",
        "shortname": "",
        "link": "",
        "comment": "",
        "image": "",
        "color_map": "#7798bb",
        "color_map_over": "#366CA3"
    },
    "st16": {
        "id": "16",
        "name": "Paraná",
        "shortname": "",
        "link": "",
        "comment": "",
        "image": "",
        "color_map": "#7798bb",
        "color_map_over": "#366CA3"
    },
    "st17": {
        "id": "17",
        "name": "Pernambuco",
        "shortname": "",
        "link": "",
        "comment": "",
        "image": "",
        "color_map": "#7798bb",
        "color_map_over": "#366CA3"
    },
    "st18": {
        "id": "18",
        "name": "Piauí",
        "shortname": "",
        "link": "",
        "comment": "",
        "image": "",
        "color_map": "#7798bb",
        "color_map_over": "#366CA3"
    },
    "st19": {
        "id": "19",
        "name": "Rio de Janeiro",
        "shortname": "",
        "link": "",
        "comment": "",
        "image": "",
        "color_map": "#7798bb",
        "color_map_over": "#366CA3"
    },
    "st20": {
        "id": "20",
        "name": "Rio Grande do Norte",
        "shortname": "",
        "link": "",
        "comment": "",
        "image": "",
        "color_map": "#7798bb",
        "color_map_over": "#366CA3"
    },
    "st21": {
        "id": "21",
        "name": "Rio Grande do Sul",
        "shortname": "",
        "link": "",
        "comment": "",
        "image": "",
        "color_map": "#7798bb",
        "color_map_over": "#366CA3"
    },
    "st22": {
        "id": "22",
        "name": "Rondônia",
        "shortname": "",
        "link": "",
        "comment": "",
        "image": "",
        "color_map": "#7798bb",
        "color_map_over": "#366CA3"
    },
    "st23": {
        "id": "23",
        "name": "Roraima",
        "shortname": "",
        "link": "",
        "comment": "",
        "image": "",
        "color_map": "#7798bb",
        "color_map_over": "#366CA3"
    },
    "st24": {
        "id": "24",
        "name": "Santa Catarina",
        "shortname": "",
        "link": "",
        "comment": "",
        "image": "",
        "color_map": "#7798bb",
        "color_map_over": "#366CA3"
    },
    "st25": {
        "id": "25",
        "name": "São Paulo",
        "shortname": "",
        "link": "",
        "comment": "",
        "image": "",
        "color_map": "#7798bb",
        "color_map_over": "#366CA3"
    },
    "st26": {
        "id": "26",
        "name": "Sergipe",
        "shortname": "",
        "link": "",
        "comment": "",
        "image": "",
        "color_map": "#7798bb",
        "color_map_over": "#366CA3"
    },
    "st27": {
        "id": "27",
        "name": "Tocantins",
        "shortname": "",
        "link": "",
        "comment": "",
        "image": "",
        "color_map": "#7798bb",
        "color_map_over": "#366CA3"
    }
}