{
    "st1": {
        "id": "1",
        "name": "Alba",
        "shortname": "Alba",
        "link": "",
        "comment": "",
        "image": "",
        "color_map": "#7798bb",
        "color_map_over": "#366CA3"
    },
    "st2": {
        "id": "2",
        "name": "Arad",
        "shortname": "Arad",
        "link": "",
        "comment": "",
        "image": "",
        "color_map": "#7798bb",
        "color_map_over": "#366CA3"
    },
    "st3": {
        "id": "3",
        "name": "Argeș",
        "shortname": "Argeș",
        "link": "",
        "comment": "",
        "image": "",
        "color_map": "#7798bb",
        "color_map_over": "#366CA3"
    },
    "st4": {
        "id": "4",
        "name": "Bacău",
        "shortname": "Bacău",
        "link": "",
        "comment": "",
        "image": "",
        "color_map": "#7798bb",
        "color_map_over": "#366CA3"
    },
    "st5": {
        "id": "5",
        "name": "Bihor",
        "shortname": "Bihor",
        "link": "",
        "comment": "",
        "image": "",
        "color_map": "#7798bb",
        "color_map_over": "#366CA3"
    },
    "st6": {
        "id": "6",
        "name": "Bistrița-Năsăud",
        "shortname": "Bistrița-Năsăud",
        "link": "",
        "comment": "",
        "image": "",
        "color_map": "#7798bb",
        "color_map_over": "#366CA3"
    },
    "st7": {
        "id": "7",
        "name": "Botoșani",
        "shortname": "Botoșani",
        "link": "",
        "comment": "",
        "image": "",
        "color_map": "#7798bb",
        "color_map_over": "#366CA3"
    },
    "st8": {
        "id": "8",
        "name": "Brăila",
        "shortname": "Brăila",
        "link": "",
        "comment": "",
        "image": "",
        "color_map": "#7798bb",
        "color_map_over": "#366CA3"
    },
    "st9": {
        "id": "9",
        "name": "Brașov",
        "shortname": "Brașov",
        "link": "",
        "comment": "",
        "image": "",
        "color_map": "#7798bb",
        "color_map_over": "#366CA3"
    },
    "st10": {
        "id": "10",
        "name": "Bucharest",
        "shortname": "Bucharest",
        "link": "",
        "comment": "",
        "image": "",
        "color_map": "#7798bb",
        "color_map_over": "#366CA3"
    },
    "st11": {
        "id": "11",
        "name": "Buzău",
        "shortname": "Buzău",
        "link": "",
        "comment": "",
        "image": "",
        "color_map": "#7798bb",
        "color_map_over": "#366CA3"
    },
    "st12": {
        "id": "12",
        "name": "Călărași",
        "shortname": "Călărași",
        "link": "",
        "comment": "",
        "image": "",
        "color_map": "#7798bb",
        "color_map_over": "#366CA3"
    },
    "st13": {
        "id": "13",
        "name": "Caraș-Severin",
        "shortname": "Caraș-Severin",
        "link": "",
        "comment": "",
        "image": "",
        "color_map": "#7798bb",
        "color_map_over": "#366CA3"
    },
    "st14": {
        "id": "14",
        "name": "Cluj",
        "shortname": "Cluj",
        "link": "",
        "comment": "",
        "image": "",
        "color_map": "#7798bb",
        "color_map_over": "#366CA3"
    },
    "st15": {
        "id": "15",
        "name": "Constanța",
        "shortname": "Constanța",
        "link": "",
        "comment": "",
        "image": "",
        "color_map": "#7798bb",
        "color_map_over": "#366CA3"
    },
    "st16": {
        "id": "16",
        "name": "Covasna",
        "shortname": "Covasna",
        "link": "",
        "comment": "",
        "image": "",
        "color_map": "#7798bb",
        "color_map_over": "#366CA3"
    },
    "st17": {
        "id": "17",
        "name": "Dâmbovița",
        "shortname": "Dâmbovița",
        "link": "",
        "comment": "",
        "image": "",
        "color_map": "#7798bb",
        "color_map_over": "#366CA3"
    },
    "st18": {
        "id": "18",
        "name": "Dolj",
        "shortname": "Dolj",
        "link": "",
        "comment": "",
        "image": "",
        "color_map": "#7798bb",
        "color_map_over": "#366CA3"
    },
    "st19": {
        "id": "19",
        "name": "Galați",
        "shortname": "Galați",
        "link": "",
        "comment": "",
        "image": "",
        "color_map": "#7798bb",
        "color_map_over": "#366CA3"
    },
    "st20": {
        "id": "20",
        "name": "Giurgiu",
        "shortname": "Giurgiu",
        "link": "",
        "comment": "",
        "image": "",
        "color_map": "#7798bb",
        "color_map_over": "#366CA3"
    },
    "st21": {
        "id": "21",
        "name": "Gorj",
        "shortname": "Gorj",
        "link": "",
        "comment": "",
        "image": "",
        "color_map": "#7798bb",
        "color_map_over": "#366CA3"
    },
    "st22": {
        "id": "22",
        "name": "Harghita",
        "shortname": "Harghita",
        "link": "",
        "comment": "",
        "image": "",
        "color_map": "#7798bb",
        "color_map_over": "#366CA3"
    },
    "st23": {
        "id": "23",
        "name": "Hunedoara",
        "shortname": "Hunedoara",
        "link": "",
        "comment": "",
        "image": "",
        "color_map": "#7798bb",
        "color_map_over": "#366CA3"
    },
    "st24": {
        "id": "24",
        "name": "Ialomița",
        "shortname": "Ialomița",
        "link": "",
        "comment": "",
        "image": "",
        "color_map": "#7798bb",
        "color_map_over": "#366CA3"
    },
    "st25": {
        "id": "25",
        "name": "Iași",
        "shortname": "Iași",
        "link": "",
        "comment": "",
        "image": "",
        "color_map": "#7798bb",
        "color_map_over": "#366CA3"
    },
    "st26": {
        "id": "26",
        "name": "Maramureș",
        "shortname": "Maramureș",
        "link": "",
        "comment": "",
        "image": "",
        "color_map": "#7798bb",
        "color_map_over": "#366CA3"
    },
    "st27": {
        "id": "27",
        "name": "Mehedinți",
        "shortname": "Mehedinți",
        "link": "",
        "comment": "",
        "image": "",
        "color_map": "#7798bb",
        "color_map_over": "#366CA3"
    },
    "st28": {
        "id": "28",
        "name": "Mureș",
        "shortname": "Mureș",
        "link": "",
        "comment": "",
        "image": "",
        "color_map": "#7798bb",
        "color_map_over": "#366CA3"
    },
    "st29": {
        "id": "29",
        "name": "Neamț",
        "shortname": "Neamț",
        "link": "",
        "comment": "",
        "image": "",
        "color_map": "#7798bb",
        "color_map_over": "#366CA3"
    },
    "st30": {
        "id": "30",
        "name": "Olt",
        "shortname": "Olt",
        "link": "",
        "comment": "",
        "image": "",
        "color_map": "#7798bb",
        "color_map_over": "#366CA3"
    },
    "st31": {
        "id": "31",
        "name": "Prahova",
        "shortname": "Prahova",
        "link": "",
        "comment": "",
        "image": "",
        "color_map": "#7798bb",
        "color_map_over": "#366CA3"
    },
    "st32": {
        "id": "32",
        "name": "Sălaj",
        "shortname": "Sălaj",
        "link": "",
        "comment": "",
        "image": "",
        "color_map": "#7798bb",
        "color_map_over": "#366CA3"
    },
    "st33": {
        "id": "33",
        "name": "Satu Mare",
        "shortname": "Satu Mare",
        "link": "",
        "comment": "",
        "image": "",
        "color_map": "#7798bb",
        "color_map_over": "#366CA3"
    },
    "st34": {
        "id": "34",
        "name": "Sibiu",
        "shortname": "Sibiu",
        "link": "",
        "comment": "",
        "image": "",
        "color_map": "#7798bb",
        "color_map_over": "#366CA3"
    },
    "st35": {
        "id": "35",
        "name": "Suceava",
        "shortname": "Suceava",
        "link": "",
        "comment": "",
        "image": "",
        "color_map": "#7798bb",
        "color_map_over": "#366CA3"
    },
    "st36": {
        "id": "36",
        "name": "Teleorman",
        "shortname": "Teleorman",
        "link": "",
        "comment": "",
        "image": "",
        "color_map": "#7798bb",
        "color_map_over": "#366CA3"
    },
    "st37": {
        "id": "37",
        "name": "Timiș",
        "shortname": "Timiș",
        "link": "",
        "comment": "",
        "image": "",
        "color_map": "#7798bb",
        "color_map_over": "#366CA3"
    },
    "st38": {
        "id": "38",
        "name": "Tulcea",
        "shortname": "Tulcea",
        "link": "",
        "comment": "",
        "image": "",
        "color_map": "#7798bb",
        "color_map_over": "#366CA3"
    },
    "st39": {
        "id": "39",
        "name": "Vâlcea",
        "shortname": "Vâlcea",
        "link": "",
        "comment": "",
        "image": "",
        "color_map": "#7798bb",
        "color_map_over": "#366CA3"
    },
    "st40": {
        "id": "40",
        "name": "Vaslui",
        "shortname": "Vaslui",
        "link": "",
        "comment": "",
        "image": "",
        "color_map": "#7798bb",
        "color_map_over": "#366CA3"
    },
    "st41": {
        "id": "41",
        "name": "Vrancea",
        "shortname": "Vrancea",
        "link": "",
        "comment": "",
        "image": "",
        "color_map": "#7798bb",
        "color_map_over": "#366CA3"
    }
}