{
  "extends": ["tslint-config-prettier"],
  "rules": {
    "class-name": true,
    "comment-format": [true, "check-space"],
    "curly": false,
    "indent": [true, "spaces"],
    "interface-name": false,
    "jsdoc-format": true,
    "no-consecutive-blank-lines": true,
    "no-debugger": true,
    "no-duplicate-variable": true,
    "no-eval": true,
    "no-internal-module": true,
    "no-trailing-whitespace": true,
    "no-shadowed-variable": true,
    "no-switch-case-fall-through": true,
    "no-unused-expression": true,
    "no-use-before-declare": false,
    "no-var-keyword": true,
    "one-line": [true, "check-open-brace", "check-whitespace", "check-catch"],
    "trailing-comma": false,
    "triple-equals": [true, "allow-null-check"],
    "variable-name": [true, "ban-keywords"]
  }
}
