{
    "st1": {
        "id": "1",
        "name": "Andhra Pradesh",
        "shortname": "AP",
        "link": "",
        "comment": "",
        "image": "",
        "color_map": "#7798BA",
        "color_map_over": "#366CA3"
    },
    "st2": {
        "id": "2",
        "name": "Arunachal Pradesh",
        "shortname": "AR",
        "link": "",
        "comment": "",
        "image": "",
        "color_map": "#7798BA",
        "color_map_over": "#366CA3"
    },
    "st3": {
        "id": "3",
        "name": "Assam",
        "shortname": "AS",
        "link": "",
        "comment": "",
        "image": "",
        "color_map": "#7798BA",
        "color_map_over": "#366CA3"
    },
    "st4": {
        "id": "4",
        "name": "Bihar",
        "shortname": "BR",
        "link": "",
        "comment": "",
        "image": "",
        "color_map": "#7798BA",
        "color_map_over": "#366CA3"
    },
    "st5": {
        "id": "5",
        "name": "Chhattisgarh",
        "shortname": "CG",
        "link": "",
        "comment": "",
        "image": "",
        "color_map": "#7798BA",
        "color_map_over": "#366CA3"
    },
    "st6": {
        "id": "6",
        "name": "Goa",
        "shortname": "GA",
        "link": "",
        "comment": "",
        "image": "",
        "color_map": "#7798BA",
        "color_map_over": "#366CA3"
    },
    "st7": {
        "id": "7",
        "name": "Gujarat",
        "shortname": "GJ",
        "link": "",
        "comment": "",
        "image": "",
        "color_map": "#7798BA",
        "color_map_over": "#366CA3"
    },
    "st8": {
        "id": "8",
        "name": "Haryana",
        "shortname": "HR",
        "link": "",
        "comment": "",
        "image": "",
        "color_map": "#7798BA",
        "color_map_over": "#366CA3"
    },
    "st9": {
        "id": "9",
        "name": "Himachal Pradesh",
        "shortname": "HP",
        "link": "",
        "comment": "",
        "image": "",
        "color_map": "#7798BA",
        "color_map_over": "#366CA3"
    },
    "st10": {
        "id": "10",
        "name": "Jammu and Kashmir",
        "shortname": "JK",
        "link": "",
        "comment": "",
        "image": "",
        "color_map": "#7798BA",
        "color_map_over": "#366CA3"
    },
    "st11": {
        "id": "11",
        "name": "Jharkhand",
        "shortname": "JH",
        "link": "",
        "comment": "",
        "image": "",
        "color_map": "#7798BA",
        "color_map_over": "#366CA3"
    },
    "st12": {
        "id": "12",
        "name": "Karnataka",
        "shortname": "KA",
        "link": "",
        "comment": "",
        "image": "",
        "color_map": "#7798BA",
        "color_map_over": "#366CA3"
    },
    "st13": {
        "id": "13",
        "name": "Kerala",
        "shortname": "KL",
        "link": "",
        "comment": "",
        "image": "",
        "color_map": "#7798BA",
        "color_map_over": "#366CA3"
    },
    "st14": {
        "id": "14",
        "name": "Madhya Pradesh",
        "shortname": "MP",
        "link": "",
        "comment": "",
        "image": "",
        "color_map": "#7798BA",
        "color_map_over": "#366CA3"
    },
    "st15": {
        "id": "15",
        "name": "Maharashtra",
        "shortname": "MH",
        "link": "",
        "comment": "",
        "image": "",
        "color_map": "#7798BA",
        "color_map_over": "#366CA3"
    },
    "st16": {
        "id": "16",
        "name": "Manipur",
        "shortname": "MN",
        "link": "",
        "comment": "",
        "image": "",
        "color_map": "#7798BA",
        "color_map_over": "#366CA3"
    },
    "st17": {
        "id": "17",
        "name": "Meghalaya",
        "shortname": "ML",
        "link": "",
        "comment": "",
        "image": "",
        "color_map": "#7798BA",
        "color_map_over": "#366CA3"
    },
    "st18": {
        "id": "18",
        "name": "Mizoram",
        "shortname": "MZ",
        "link": "",
        "comment": "",
        "image": "",
        "color_map": "#7798BA",
        "color_map_over": "#366CA3"
    },
    "st19": {
        "id": "19",
        "name": " Nagaland",
        "shortname": "NL",
        "link": "",
        "comment": "",
        "image": "",
        "color_map": "#7798BA",
        "color_map_over": "#366CA3"
    },
    "st20": {
        "id": "20",
        "name": "Orissa",
        "shortname": "OR",
        "link": "",
        "comment": "",
        "image": "",
        "color_map": "#7798BA",
        "color_map_over": "#366CA3"
    },
    "st21": {
        "id": "21",
        "name": "Punjab",
        "shortname": "PB",
        "link": "",
        "comment": "",
        "image": "",
        "color_map": "#7798BA",
        "color_map_over": "#366CA3"
    },
    "st22": {
        "id": "22",
        "name": "Rajasthan",
        "shortname": "RJ",
        "link": "",
        "comment": "",
        "image": "",
        "color_map": "#7798BA",
        "color_map_over": "#366CA3"
    },
    "st23": {
        "id": "23",
        "name": "Sikkim",
        "shortname": "SK",
        "link": "",
        "comment": "",
        "image": "",
        "color_map": "#7798BA",
        "color_map_over": "#366CA3"
    },
    "st24": {
        "id": "24",
        "name": "Tamil Nadu",
        "shortname": "TN",
        "link": "",
        "comment": "",
        "image": "",
        "color_map": "#7798BA",
        "color_map_over": "#366CA3"
    },
    "st25": {
        "id": "25",
        "name": "Tripura",
        "shortname": "TR",
        "link": "",
        "comment": "",
        "image": "",
        "color_map": "#7798BA",
        "color_map_over": "#366CA3"
    },
    "st26": {
        "id": "26",
        "name": "Uttar Pradesh",
        "shortname": "UP",
        "link": "",
        "comment": "",
        "image": "",
        "color_map": "#7798BA",
        "color_map_over": "#366CA3"
    },
    "st27": {
        "id": "27",
        "name": "Uttarakhand",
        "shortname": "UL",
        "link": "",
        "comment": "",
        "image": "",
        "color_map": "#7798BA",
        "color_map_over": "#366CA3"
    },
    "st28": {
        "id": "28",
        "name": "West Bengal",
        "shortname": "WB",
        "link": "",
        "comment": "",
        "image": "",
        "color_map": "#7798BA",
        "color_map_over": "#366CA3"
    },
    "st29": {
        "id": "29",
        "name": "Andaman and Nicobar Islands",
        "shortname": "AN",
        "link": "",
        "comment": "",
        "image": "",
        "color_map": "#7798BA",
        "color_map_over": "#366CA3"
    },
    "st30": {
        "id": "30",
        "name": "Chandigarh",
        "shortname": "CH",
        "link": "",
        "comment": "",
        "image": "",
        "color_map": "#7798BA",
        "color_map_over": "#366CA3"
    },
    "st31": {
        "id": "31",
        "name": "Dadra and Nagar Haveli",
        "shortname": "DN",
        "link": "",
        "comment": "",
        "image": "",
        "color_map": "#7798BA",
        "color_map_over": "#366CA3"
    },
    "st32": {
        "id": "32",
        "name": "Daman and Diu",
        "shortname": "DD",
        "link": "",
        "comment": "",
        "image": "",
        "color_map": "#7798BA",
        "color_map_over": "#366CA3"
    },
    "st33": {
        "id": "33",
        "name": "Lakshadweep",
        "shortname": "LD",
        "link": "",
        "comment": "",
        "image": "",
        "color_map": "#7798BA",
        "color_map_over": "#366CA3"
    },
    "st34": {
        "id": "34",
        "name": "National Capital Territory of Delhi",
        "shortname": "DL",
        "link": "",
        "comment": "",
        "image": "",
        "color_map": "#7798BA",
        "color_map_over": "#366CA3"
    },
    "st35": {
        "id": "35",
        "name": "Puducherry",
        "shortname": "PY",
        "link": "",
        "comment": "",
        "image": "",
        "color_map": "#7798BA",
        "color_map_over": "#366CA3"
    }
}